<?xml version="1.0" encoding="UTF-8"?>
<usrinfolist>
    <admin>
        <name>999999</name>
        <passwd>111111</passwd>
    </admin>
    <engineer>
        <usrinfo id="0">
            <name>300002</name>
            <passwd>111111</passwd>
        </usrinfo>
        <usrinfo id="1">
            <name>222222</name>
            <passwd>333333</passwd>
        </usrinfo>
        <usrinfo id="2">
            <name>300001</name>
            <passwd>222222</passwd>
        </usrinfo>
        <usrinfo id="3">
            <name>300009</name>
            <passwd>199999</passwd>
        </usrinfo>
        <usrinfo id="4">
            <name>200002</name>
            <passwd>123456</passwd>
        </usrinfo>
        <usrinfo id="5">
            <name>200000</name>
            <passwd>123456</passwd>
        </usrinfo>
        <usrinfo id="6">
            <name>200001</name>
            <passwd>222222</passwd>
        </usrinfo>
        <usrinfo id="7">
            <name>799999</name>
            <passwd>123456</passwd>
        </usrinfo>
    </engineer>
    <operat>
        <usrinfo id="0">
            <name>100000</name>
            <passwd>222222</passwd>
        </usrinfo>
    </operat>
</usrinfolist>
